Model,Accuracy,Precision,Recall,F1
LinearSVM,0.5,0.5155844155844156,0.5,0.5042105263157894
LogisticRegression,0.5,0.5085714285714286,0.5,0.5022222222222222
RandomForest,0.475,0.44909090909090904,0.475,0.45391041706831176
MultinomialNB,0.375,0.36317460317460315,0.375,0.36488687782805423
